<?xml version='1.0' encoding='UTF-8'?>
<?artifactRepository version='1.1.0'?>
<repository name='file:/Users/brunobaloi/AnypointStudio/workspace_6.2.3_evented_api_2/eventing-connector/target/update-site/ - artifacts' type='org.eclipse.equinox.p2.artifact.repository.simpleRepository' version='1'>
  <properties size='2'>
    <property name='p2.timestamp' value='1502759147309'/>
    <property name='p2.compressed' value='false'/>
  </properties>
  <mappings size='3'>
    <rule filter='(&amp; (classifier=osgi.bundle))' output='${repoUrl}/plugins/${id}_${version}.jar'/>
    <rule filter='(&amp; (classifier=binary))' output='${repoUrl}/binary/${id}_${version}'/>
    <rule filter='(&amp; (classifier=org.eclipse.update.feature))' output='${repoUrl}/features/${id}_${version}.jar'/>
  </mappings>
  <artifacts size='2'>
    <artifact classifier='osgi.bundle' id='org.mule.tooling.ui.contribution.eventing.3.5.0' version='1.0.0.201708142105'>
      <properties size='3'>
        <property name='artifact.size' value='4270489'/>
        <property name='download.size' value='4270489'/>
        <property name='download.md5' value='81025643fac023b8555965606fbf16a7'/>
      </properties>
    </artifact>
    <artifact classifier='org.eclipse.update.feature' id='org.mule.tooling.ui.extension.sample-connector.3.5.0' version='1.0.0.201708142105'>
      <properties size='4'>
        <property name='artifact.size' value='649'/>
        <property name='download.size' value='649'/>
        <property name='download.md5' value='ed73878f1558b9adfde513c6b7cba178'/>
        <property name='download.contentType' value='application/zip'/>
      </properties>
    </artifact>
  </artifacts>
</repository>
